index;index_relation;position;nom
0;100;Commercial;EMPLOYE_DANS
1;100;Commercial;EMPLOYE_DANS
2;100;Commercial;EMPLOYE_DANS
3;100;Commercial;EMPLOYE_DANS
4;100;Commercial;EMPLOYE_DANS
5;100;Commercial;EMPLOYE_DANS
6;100;Commercial;EMPLOYE_DANS
7;100;Commercial;EMPLOYE_DANS
8;100;Commercial;EMPLOYE_DANS
9;100;Commercial;EMPLOYE_DANS
10;100;Commercial;EMPLOYE_DANS
11;100;Commercial;EMPLOYE_DANS
12;100;Commercial;EMPLOYE_DANS
13;100;Commercial;EMPLOYE_DANS
14;100;Commercial;EMPLOYE_DANS
15;100;Commercial;EMPLOYE_DANS
16;100;Commercial;EMPLOYE_DANS
17;100;Commercial;EMPLOYE_DANS
18;100;Commercial;EMPLOYE_DANS
19;100;Commercial;EMPLOYE_DANS
20;100;Technique;EMPLOYE_DANS
21;100;Technique;EMPLOYE_DANS
22;100;Technique;EMPLOYE_DANS
23;100;Technique;EMPLOYE_DANS
24;100;Technique;EMPLOYE_DANS
25;100;Technique;EMPLOYE_DANS
26;100;Technique;EMPLOYE_DANS
27;100;Technique;EMPLOYE_DANS
28;100;Technique;EMPLOYE_DANS
29;100;Technique;EMPLOYE_DANS
30;100;Technique;EMPLOYE_DANS
31;100;Technique;EMPLOYE_DANS
32;100;Technique;EMPLOYE_DANS
33;100;Technique;EMPLOYE_DANS
34;100;Technique;EMPLOYE_DANS
35;100;Technique;EMPLOYE_DANS
36;100;Finance;EMPLOYE_DANS
37;100;Finance;EMPLOYE_DANS
38;100;Finance;EMPLOYE_DANS
39;100;Finance;EMPLOYE_DANS
40;100;Direction;EMPLOYE_DANS
41;100;Direction;EMPLOYE_DANS
42;100;Direction;EMPLOYE_DANS
43;100;Direction;EMPLOYE_DANS
44;100;Direction;EMPLOYE_DANS
45;100;Direction;EMPLOYE_DANS
46;100;Direction;EMPLOYE_DANS
47;100;Direction;EMPLOYE_DANS
48;100;CFO;EMPLOYE_DANS
49;100;CEO;EMPLOYE_DANS
50;101;Commercial;EMPLOYE_DANS
51;101;Commercial;EMPLOYE_DANS
52;101;Commercial;EMPLOYE_DANS
53;101;Commercial;EMPLOYE_DANS
54;101;Commercial;EMPLOYE_DANS
55;101;Technique;EMPLOYE_DANS
56;101;Technique;EMPLOYE_DANS
57;101;Technique;EMPLOYE_DANS
58;101;CFO;EMPLOYE_DANS
59;101;CEO;EMPLOYE_DANS
60;102;Commercial;EMPLOYE_DANS
61;102;Commercial;EMPLOYE_DANS
62;102;Commercial;EMPLOYE_DANS
63;102;Commercial;EMPLOYE_DANS
64;102;Commercial;EMPLOYE_DANS
65;102;Technique;EMPLOYE_DANS
66;102;Technique;EMPLOYE_DANS
67;102;Technique;EMPLOYE_DANS
68;102;CFO;EMPLOYE_DANS
69;102;CEO;EMPLOYE_DANS
70;103;Commercial;EMPLOYE_DANS
71;103;Commercial;EMPLOYE_DANS
72;103;Commercial;EMPLOYE_DANS
73;103;Commercial;EMPLOYE_DANS
74;103;Commercial;EMPLOYE_DANS
75;103;Technique;EMPLOYE_DANS
76;103;Technique;EMPLOYE_DANS
77;103;Technique;EMPLOYE_DANS
78;103;CFO;EMPLOYE_DANS
79;103;CEO;EMPLOYE_DANS
80;104;Commercial;EMPLOYE_DANS
81;104;Commercial;EMPLOYE_DANS
82;104;Commercial;EMPLOYE_DANS
83;104;Commercial;EMPLOYE_DANS
84;104;Commercial;EMPLOYE_DANS
85;104;Technique;EMPLOYE_DANS
86;104;Technique;EMPLOYE_DANS
87;104;Technique;EMPLOYE_DANS
88;104;CFO;EMPLOYE_DANS
89;104;CEO;EMPLOYE_DANS
90;105;Commercial;EMPLOYE_DANS
91;105;Commercial;EMPLOYE_DANS
92;105;Commercial;EMPLOYE_DANS
93;105;Commercial;EMPLOYE_DANS
94;105;Commercial;EMPLOYE_DANS
95;105;Technique;EMPLOYE_DANS
96;105;Technique;EMPLOYE_DANS
97;105;Technique;EMPLOYE_DANS
98;105;CFO;EMPLOYE_DANS
99;105;CEO;EMPLOYE_DANS